{
    "bias": 3.124422493434368,
    "Age": -0.0010494219530451253,
    "BMI": -0.005299410839329334,
    "weekly_hours": 0.008616443456469149
}